Anno,Codice_Istat_Provincia,Provincia,Codice_Istat_Comune,Comune,Totale_residenti_al_31_12,Indice_di_Lesivita,Indice_di_Pericolosita,Indice_di_Mortalita
2010,12,VARESE,12026,BUSTO ARSIZIO,81760,135.05,1.25,1.72
2010,12,VARESE,12040,CASSANO MAGNAGO,21595,148.75,1.65,2.50
2010,12,VARESE,12070,GALLARATE,51751,138.29,0.41,0.57
2010,12,VARESE,12119,SARONNO,39161,130.41,0.78,1.03
2010,12,VARESE,12133,VARESE,81579,134.77,1.57,2.16
2010,13,COMO,13041,CANTU',39540,153.91,0.51,0.78
2010,13,COMO,13075,COMO,85263,126.80,0.49,0.62
2010,13,COMO,13143,MARIANO COMENSE,23890,121.18,0.00,0.00
2010,14,SONDRIO,14061,SONDRIO,22365,118.75,2.56,3.13
2010,15,MILANO,15002,ABBIATEGRASSO,32035,133.08,0.00,0.00
2010,15,MILANO,15027,BOLLATE,36467,137.60,0.00,0.00
2010,15,MILANO,15032,BRESSO,26399,131.52,0.82,1.09
2010,15,MILANO,15036,BUCCINASCO,26937,119.44,0.00,0.00
2010,15,MILANO,15070,CERNUSCO SUL NAVIGLIO,31058,131.07,0.00,0.00
2010,15,MILANO,15074,CESANO BOSCONE,23935,122.47,1.80,2.25
2010,15,MILANO,15077,CINISELLO BALSAMO,74150,133.26,0.51,0.68
2010,15,MILANO,15081,COLOGNO MONZESE,47794,129.91,1.02,1.34
2010,15,MILANO,15086,CORMANO,20270,130.84,0.71,0.93
2010,15,MILANO,15087,CORNAREDO,20546,117.74,5.19,6.45
2010,15,MILANO,15093,CORSICO,34507,126.67,1.55,2.00
2010,15,MILANO,15105,GARBAGNATE MILANESE,27193,135.80,0.90,1.23
2010,15,MILANO,15116,LAINATE,25343,137.11,0.00,0.00
2010,15,MILANO,15118,LEGNANO,59147,140.82,0.58,0.82
2010,15,MILANO,15130,MAGENTA,23513,132.89,0.98,1.32
2010,15,MILANO,15146,MILANO,1324110,134.83,0.35,0.48
2010,15,MILANO,15157,NOVATE MILANESE,20201,144.58,0.00,0.00
2010,15,MILANO,15166,PADERNO DUGNANO,47695,133.05,0.95,1.27
2010,15,MILANO,15168,PARABIAGO,26952,124.72,0.89,1.12
2010,15,MILANO,15171,PESCHIERA BORROMEO,22774,144.64,1.22,1.79
2010,15,MILANO,15175,PIOLTELLO,36369,135.96,0.82,1.12
2010,15,MILANO,15182,RHO,50686,141.20,1.12,1.60
2010,15,MILANO,15189,ROZZANO,41363,143.09,0.38,0.55
2010,15,MILANO,15192,SAN DONATO MILANESE,32702,146.28,0.56,0.83
2010,15,MILANO,15195,SAN GIULIANO MILANESE,36871,155.56,0.34,0.53
2010,15,MILANO,15205,SEGRATE,34352,139.60,0.95,1.34
2010,15,MILANO,15206,SENAGO,21273,127.42,1.25,1.61
2010,15,MILANO,15209,SESTO SAN GIOVANNI,81130,128.44,2.17,2.84
2010,16,BERGAMO,16024,BERGAMO,119551,130.02,0.43,0.56
2010,16,BERGAMO,16091,DALMINE,23266,140.91,0.80,1.14
2010,16,BERGAMO,16198,SERIATE,24297,159.60,1.86,3.03
2010,16,BERGAMO,16219,TREVIGLIO,29034,141.89,0.47,0.68
2010,17,BRESCIA,17029,BRESCIA,193879,141.67,0.42,0.60
2010,17,BRESCIA,17067,DESENZANO DEL GARDA,27229,142.95,2.19,3.21
2010,17,BRESCIA,17096,LUMEZZANE,23828,143.24,0.00,0.00
2010,17,BRESCIA,17113,MONTICHIARI,23339,150.56,0.74,1.12
2010,18,PAVIA,18110,PAVIA,71142,137.30,0.34,0.47
2010,18,PAVIA,18177,VIGEVANO,63700,136.84,1.02,1.40
2010,18,PAVIA,18182,VOGHERA,39937,139.25,0.77,1.08
2010,19,CREMONA,19035,CREMA,34144,125.55,0.00,0.00
2010,19,CREMONA,19036,CREMONA,72147,125.71,0.69,0.87
2010,20,MANTOVA,20017,CASTIGLIONE DELLE STIVIERE,22700,149.18,2.15,3.28
2010,20,MANTOVA,20030,MANTOVA,48612,131.65,0.76,1.01
2010,20,MANTOVA,20065,SUZZARA,20648,136.11,0.00,0.00
2010,97,LECCO,97042,LECCO,48114,117.31,0.30,0.35
2010,98,LODI,98031,LODI,44401,142.94,1.62,2.35
2010,108,MONZA E DELLA BRIANZA,108012,BRUGHERIO,33484,116.94,0.68,0.81
2010,108,MONZA E DELLA BRIANZA,108019,CESANO MADERNO,37291,128.68,0.00,0.00
2010,108,MONZA E DELLA BRIANZA,108023,DESIO,40661,117.90,0.00,0.00
2010,108,MONZA E DELLA BRIANZA,108024,GIUSSANO,24672,142.50,0.58,0.83
2010,108,MONZA E DELLA BRIANZA,108027,LIMBIATE,35168,110.00,1.00,1.11
2010,108,MONZA E DELLA BRIANZA,108028,LISSONE,42474,113.25,0.58,0.66
2010,108,MONZA E DELLA BRIANZA,108030,MEDA,23221,128.92,0.93,1.20
2010,108,MONZA E DELLA BRIANZA,108033,MONZA,122712,118.08,0.87,1.04
2010,108,MONZA E DELLA BRIANZA,108034,MUGGIO',23433,115.52,1.47,1.72
2010,108,MONZA E DELLA BRIANZA,108035,NOVA MILANESE,23152,113.75,0.00,0.00
2010,108,MONZA E DELLA BRIANZA,108039,SEREGNO,43163,115.23,0.00,0.00
2010,108,MONZA E DELLA BRIANZA,108040,SEVESO,22877,117.07,0.00,0.00
2010,108,MONZA E DELLA BRIANZA,108050,VIMERCATE,25758,128.28,1.59,2.07
2011, 18,PAVIA,18182,VOGHERA,38020,139.11,0.71,0.99
2011, 108,MONZA E DELLA BRIANZA,108024,GIUSSANO,24461,125.76,1.19,1.52
2011, 98,LODI,98031,LODI,43231,140.00,0.35,0.49
2011, 17,BRESCIA,17096,LUMEZZANE,23354,121.95,1.96,2.44
2011, 15,MILANO,15189,ROZZANO,39882,135.75,0.41,0.56
2011, 97,LECCO,97042,LECCO,46673,126.87,0.29,0.37
2011, 108,MONZA E DELLA BRIANZA,108035,NOVA MILANESE,22261,125.93,0.00,0.00
2011, 108,MONZA E DELLA BRIANZA,108030,MEDA,23068,123.73,1.35,1.69
2011, 15,MILANO,15116,LAINATE,24984,133.03,2.03,2.75
2011, 15,MILANO,15118,LEGNANO,57707,137.82,1.12,1.55
2011, 20,MANTOVA,20030,MANTOVA,46547,136.51,0.00,0.00
2011, 19,CREMONA,19035,CREMA,33086,138.18,1.30,1.82
2011, 12,VARESE,12040,CASSANO MAGNAGO,21400,141.76,1.53,2.20
2011, 15,MILANO,15205,SEGRATE,33458,120.92,0.00,0.00
2011, 15,MILANO,15166,PADERNO DUGNANO,46489,139.05,0.68,0.95
2011, 15,MILANO,15195,SAN GIULIANO MILANESE,35835,133.93,0.44,0.60
2011, 15,MILANO,15093,CORSICO,33640,127.50,0.00,0.00
2011, 12,VARESE,12119,SARONNO,38644,134.31,0.00,0.00
2011, 108,MONZA E DELLA BRIANZA,108050,VIMERCATE,25334,140.82,0.00,0.00
2011, 108,MONZA E DELLA BRIANZA,108034,MUGGIO',23270,129.03,0.00,0.00
2011, 20,MANTOVA,20017,CASTIGLIONE DELLE STIVIERE,22082,123.08,4.00,5.13
2011, 16,BERGAMO,16024,BERGAMO,115374,130.79,0.57,0.74
2011, 12,VARESE,12133,VARESE,79405,136.41,1.00,1.38
2011, 13,COMO,13041,CANTU',38716,140.88,1.53,2.19
2011, 15,MILANO,15182,RHO,49935,136.94,0.81,1.12
2011, 15,MILANO,15002,ABBIATEGRASSO,30923,133.33,1.18,1.59
2011, 15,MILANO,15206,SENAGO,20914,123.73,0.00,0.00
2011, 108,MONZA E DELLA BRIANZA,108019,CESANO MADERNO,36937,125.68,0.00,0.00
2011, 15,MILANO,15070,CERNUSCO SUL NAVIGLIO,30645,126.32,0.00,0.00
2011, 15,MILANO,15105,GARBAGNATE MILANESE,26360,141.18,0.83,1.18
2011, 15,MILANO,15077,CINISELLO BALSAMO,70880,130.57,0.00,0.00
2011, 15,MILANO,15036,BUCCINASCO,26492,135.59,1.23,1.69
2011, 17,BRESCIA,17067,DESENZANO DEL GARDA,26849,145.86,0.43,0.64
2011, 108,MONZA E DELLA BRIANZA,108012,BRUGHERIO,33232,136.94,0.00,0.00
2011, 18,PAVIA,18110,PAVIA,68352,131.62,0.96,1.28
2011, 17,BRESCIA,17029,BRESCIA,189085,134.00,1.11,1.51
2011, 108,MONZA E DELLA BRIANZA,108033,MONZA,119928,128.82,0.68,0.88
2011, 18,PAVIA,18177,VIGEVANO,60002,140.94,0.82,1.17
2011, 16,BERGAMO,16219,TREVIGLIO,28496,131.62,0.00,0.00
2011, 15,MILANO,15027,BOLLATE,35530,134.07,0.00,0.00
2011, 19,CREMONA,19036,CREMONA,69675,130.31,0.55,0.72
2011, 16,BERGAMO,16091,DALMINE,22846,126.67,0.75,0.95
2011, 15,MILANO,15168,PARABIAGO,26555,135.71,0.00,0.00
2011, 108,MONZA E DELLA BRIANZA,108028,LISSONE,42199,132.19,0.00,0.00
2011, 15,MILANO,15220,TREZZANO SUL NAVIGLIO,20058,140.74,0.00,0.00
2011, 108,MONZA E DELLA BRIANZA,108023,DESIO,40342,141.03,0.00,0.00
2011, 17,BRESCIA,17113,MONTICHIARI,23708,138.38,3.52,5.05
2011, 15,MILANO,15209,SESTO SAN GIOVANNI,76432,137.39,0.63,0.87
2011, 108,MONZA E DELLA BRIANZA,108039,SEREGNO,43013,133.84,0.38,0.51
2011, 108,MONZA E DELLA BRIANZA,108027,LIMBIATE,33876,129.17,1.59,2.08
2011, 12,VARESE,12026,BUSTO ARSIZIO,79392,139.07,0.83,1.17
2011, 15,MILANO,15081,COLOGNO MONZESE,45688,125.00,0.00,0.00
2011, 13,COMO,13075,COMO,82124,130.89,0.82,1.08
2011, 15,MILANO,15032,BRESSO,25729,124.00,1.06,1.33
2011, 15,MILANO,15146,MILANO,1240173,134.38,0.34,0.46
2011, 15,MILANO,15087,CORNAREDO,20095,123.21,0.00,0.00
2011, 13,COMO,13143,MARIANO COMENSE,23552,150.72,0.00,0.00
2011, 16,BERGAMO,16198,SERIATE,24462,133.93,1.32,1.79
2011, 15,MILANO,15130,MAGENTA,22888,142.67,1.83,2.67
2011, 15,MILANO,15074,CESANO BOSCONE,23235,144.44,1.09,1.59
2011, 15,MILANO,15171,PESCHIERA BORROMEO,22244,134.78,1.06,1.45
2011, 15,MILANO,15175,PIOLTELLO,35064,143.10,1.19,1.72
2011, 15,MILANO,15192,SAN DONATO MILANESE,30995,129.00,0.77,1.00
2011, 20,MANTOVA,20065,SUZZARA,20536,145.68,0.84,1.23
2011, 108,MONZA E DELLA BRIANZA,108040,SEVESO,22741,133.93,0.00,0.00
2011, 14,SONDRIO,14061,SONDRIO,21635,146.38,0.98,1.45
2011, 12,VARESE,12070,GALLARATE,50354,136.27,0.74,1.02
2012, 15,MILANO,15220,TREZZANO SUL NAVIGLIO,20213,132.93,0.91,1.22
2012, 20,MANTOVA,20030,MANTOVA,47223,132.33,0.68,0.91
2012, 108,MONZA E DELLA BRIANZA,108033,MONZA,120440,126.98,0.79,1.01
2012, 108,MONZA E DELLA BRIANZA,108035,NOVA MILANESE,22335,127.87,0.00,0.00
2012, 108,MONZA E DELLA BRIANZA,108024,GIUSSANO,24854,128.85,0.00,0.00
2012, 14,SONDRIO,14061,SONDRIO,21536,154.67,2.52,4.00
2012, 15,MILANO,15175,PIOLTELLO,35770,131.88,1.09,1.45
2012, 15,MILANO,15002,ABBIATEGRASSO,31325,113.54,1.80,2.08
2012, 17,BRESCIA,17113,MONTICHIARI,24287,137.36,6.02,8.79
2012, 17,BRESCIA,17096,LUMEZZANE,23320,116.67,0.00,0.00
2012, 20,MANTOVA,20065,SUZZARA,20768,120.00,3.23,4.00
2012, 97,LECCO,97042,LECCO,47240,127.95,0.00,0.00
2012, 98,LODI,98031,LODI,43465,124.87,1.20,1.52
2012, 108,MONZA E DELLA BRIANZA,108028,LISSONE,44585,139.62,1.33,1.89
2012, 108,MONZA E DELLA BRIANZA,108040,SEVESO,22975,129.27,0.00,0.00
2012, 108,MONZA E DELLA BRIANZA,108019,CESANO MADERNO,37374,157.85,0.00,0.00
2012, 12,VARESE,12070,GALLARATE,50961,140.81,0.52,0.74
2012, 12,VARESE,12026,BUSTO ARSIZIO,79563,141.64,0.60,0.85
2012, 15,MILANO,15070,CERNUSCO SUL NAVIGLIO,31050,125.96,3.68,4.81
2012, 15,MILANO,15205,SEGRATE,33636,118.90,1.02,1.22
2012, 16,BERGAMO,16024,BERGAMO,115072,129.44,0.24,0.32
2012, 12,VARESE,12119,SARONNO,38902,127.12,0.00,0.00
2012, 13,COMO,13041,CANTU',39272,151.94,0.51,0.78
2012, 15,MILANO,15192,SAN DONATO MILANESE,31196,139.86,1.53,2.17
2012, 15,MILANO,15036,BUCCINASCO,26982,124.64,1.15,1.45
2012, 15,MILANO,15116,LAINATE,25182,140.96,0.85,1.20
2012, 15,MILANO,15074,CESANO BOSCONE,23135,117.54,2.90,3.51
2012, 15,MILANO,15032,BRESSO,25753,118.67,0.00,0.00
2012, 17,BRESCIA,17029,BRESCIA,188520,142.54,0.70,1.00
2012, 19,CREMONA,19036,CREMONA,72137,127.60,0.88,1.13
2012, 20,MANTOVA,20017,CASTIGLIONE DELLE STIVIERE,22583,135.29,2.54,3.53
2012, 108,MONZA E DELLA BRIANZA,108012,BRUGHERIO,33478,136.73,0.00,0.00
2012, 12,VARESE,12040,CASSANO MAGNAGO,21565,131.33,0.91,1.20
2012, 15,MILANO,15182,RHO,50198,141.13,0.75,1.06
2012, 15,MILANO,15195,SAN GIULIANO MILANESE,36460,149.09,0.81,1.21
2012, 16,BERGAMO,16198,SERIATE,24816,140.00,0.79,1.11
2012, 18,PAVIA,18177,VIGEVANO,61242,134.48,0.57,0.77
2012, 18,PAVIA,18110,PAVIA,68313,141.98,0.35,0.49
2012, 108,MONZA E DELLA BRIANZA,108027,LIMBIATE,34370,136.05,0.85,1.16
2012, 13,COMO,13075,COMO,83422,132.57,0.62,0.83
2012, 15,MILANO,15146,MILANO,1262101,132.51,0.43,0.57
2012, 15,MILANO,15081,COLOGNO MONZESE,46248,143.42,0.00,0.00
2012, 15,MILANO,15189,ROZZANO,40607,140.24,0.00,0.00
2012, 15,MILANO,15166,PADERNO DUGNANO,46785,134.39,0.78,1.06
2012, 15,MILANO,15105,GARBAGNATE MILANESE,26508,137.97,0.91,1.27
2012, 15,MILANO,15157,NOVATE MILANESE,20145,119.35,0.00,0.00
2012, 15,MILANO,15206,SENAGO,21121,155.56,2.33,3.70
2012, 108,MONZA E DELLA BRIANZA,108050,VIMERCATE,25497,164.46,0.50,0.83
2012, 108,MONZA E DELLA BRIANZA,108030,MEDA,23251,157.14,0.00,0.00
2012, 12,VARESE,12133,VARESE,79333,136.33,0.97,1.33
2012, 15,MILANO,15086,CORMANO,20055,151.89,1.83,2.83
2012, 15,MILANO,15118,LEGNANO,58335,139.42,0.30,0.41
2012, 15,MILANO,15171,PESCHIERA BORROMEO,22515,136.36,0.00,0.00
2012, 15,MILANO,15209,SESTO SAN GIOVANNI,76791,123.81,2.35,2.98
2012, 16,BERGAMO,16219,TREVIGLIO,28765,145.45,0.00,0.00
2012, 16,BERGAMO,16091,DALMINE,22948,125.89,0.00,0.00
2012, 18,PAVIA,18182,VOGHERA,38274,140.21,2.57,3.70
2012, 19,CREMONA,19035,CREMA,33556,136.36,0.47,0.65
2012, 108,MONZA E DELLA BRIANZA,108039,SEREGNO,43568,137.63,0.74,1.03
2012, 13,COMO,13143,MARIANO COMENSE,23667,130.68,2.54,3.41
2012, 15,MILANO,15077,CINISELLO BALSAMO,71840,132.84,0.44,0.59
2012, 15,MILANO,15093,CORSICO,34621,132.68,0.00,0.00
2012, 15,MILANO,15027,BOLLATE,35467,126.27,0.67,0.85
2012, 15,MILANO,15168,PARABIAGO,26716,129.33,0.00,0.00
2012, 15,MILANO,15130,MAGENTA,22930,124.59,0.00,0.00
2012, 17,BRESCIA,17067,DESENZANO DEL GARDA,27050,135.66,1.69,2.33
2012, 108,MONZA E DELLA BRIANZA,108023,DESIO,40937,142.25,0.00,0.00
2012, 108,MONZA E DELLA BRIANZA,108034,MUGGIO',23443,130.16,2.38,3.17
2013,15,MILANO,15086,CORMANO,20059,143.21,0.00,0.00
2013,13,COMO,13075,COMO,84834,134.06,0.36,0.48
2013,15,MILANO,15087,CORNAREDO,20289,121.31,0.00,0.00
2013,15,MILANO,15171,PESCHIERA BORROMEO,23091,152.94,0.00,0.00
2013,15,MILANO,15220,TREZZANO SUL NAVIGLIO,20497,144.12,1.01,1.47
2013,17,BRESCIA,17113,MONTICHIARI,24815,150.62,0.81,1.23
2013,18,PAVIA,18177,VIGEVANO,63268,140.33,0.29,0.41
2013,12,VARESE,12026,BUSTO ARSIZIO,81744,135.82,0.21,0.29
2013,14,SONDRIO,14061,SONDRIO,22095,129.58,0.00,0.00
2013,15,MILANO,15166,PADERNO DUGNANO,47048,145.41,1.47,2.16
2013,16,BERGAMO,16024,BERGAMO,118717,136.90,0.34,0.47
2013,18,PAVIA,18110,PAVIA,71297,129.92,0.39,0.51
2013,97,LECCO,97042,LECCO,48131,127.66,0.66,0.85
2013,108,MONZA E DELLA BRIANZA,108033,MONZA,123151,130.89,0.42,0.55
2013,16,BERGAMO,16198,SERIATE,25141,141.18,0.83,1.18
2013,17,BRESCIA,17067,DESENZANO DEL GARDA,28031,137.14,0.52,0.71
2013,15,MILANO,15209,SESTO SAN GIOVANNI,80932,115.65,1.48,1.74
2013,108,MONZA E DELLA BRIANZA,108050,VIMERCATE,25761,130.21,0.79,1.04
2013,13,COMO,13143,MARIANO COMENSE,24054,132.50,0.00,0.00
2013,15,MILANO,15070,CERNUSCO SUL NAVIGLIO,32527,140.00,0.71,1.00
2013,16,BERGAMO,16219,TREVIGLIO,29129,135.71,2.06,2.86
2013,15,MILANO,15032,BRESSO,26240,110.53,4.55,5.26
2013,15,MILANO,15189,ROZZANO,42415,141.84,0.00,0.00
2013,15,MILANO,15105,GARBAGNATE MILANESE,27152,134.72,0.00,0.00
2013,18,PAVIA,18182,VOGHERA,39356,148.07,1.11,1.66
2013,108,MONZA E DELLA BRIANZA,108034,MUGGIO',23457,120.00,0.00,0.00
2013,12,VARESE,12070,GALLARATE,52455,135.29,0.24,0.33
2013,13,COMO,13041,CANTU',39900,128.10,0.00,0.00
2013,15,MILANO,15146,MILANO,1324169,131.43,0.26,0.34
2013,15,MILANO,15036,BUCCINASCO,27071,120.97,1.32,1.61
2013,15,MILANO,15192,SAN DONATO MILANESE,32417,147.00,0.68,1.00
2013,108,MONZA E DELLA BRIANZA,108023,DESIO,41530,136.30,0.54,0.74
2013,17,BRESCIA,17133,PALAZZOLO SULL'OGLIO,20036,140.28,1.94,2.78
2013,98,LODI,98031,LODI,44529,145.41,1.04,1.53
2013,108,MONZA E DELLA BRIANZA,108024,GIUSSANO,25199,145.05,0.00,0.00
2013,15,MILANO,15175,PIOLTELLO,36782,138.67,1.89,2.67
2013,108,MONZA E DELLA BRIANZA,108035,NOVA MILANESE,23385,137.50,0.00,0.00
2013,108,MONZA E DELLA BRIANZA,108028,LISSONE,44334,142.14,0.44,0.63
2013,15,MILANO,15081,COLOGNO MONZESE,47544,126.47,2.71,3.53
2013,15,MILANO,15116,LAINATE,25573,131.88,1.09,1.45
2013,12,VARESE,12119,SARONNO,39422,135.57,0.49,0.67
2013,108,MONZA E DELLA BRIANZA,108012,BRUGHERIO,34056,149.52,0.63,0.95
2013,108,MONZA E DELLA BRIANZA,108027,LIMBIATE,35417,138.95,0.00,0.00
2013,15,MILANO,15118,LEGNANO,60269,132.31,0.00,0.00
2013,15,MILANO,15130,MAGENTA,23511,124.32,1.08,1.35
2013,15,MILANO,15093,CORSICO,35196,137.84,0.97,1.35
2013,15,MILANO,15195,SAN GIULIANO MILANESE,37707,152.76,0.65,1.01
2013,20,MANTOVA,20030,MANTOVA,48588,130.45,0.29,0.38
2013,108,MONZA E DELLA BRIANZA,108040,SEVESO,23240,135.85,0.00,0.00
2013,108,MONZA E DELLA BRIANZA,108019,CESANO MADERNO,38027,144.55,0.00,0.00
2013,20,MANTOVA,20017,CASTIGLIONE DELLE STIVIERE,22963,135.42,1.52,2.08
2013,15,MILANO,15206,SENAGO,21357,136.36,1.32,1.82
2013,15,MILANO,15002,ABBIATEGRASSO,32295,121.90,2.29,2.86
2013,15,MILANO,15027,BOLLATE,36164,142.06,1.30,1.87
2013,15,MILANO,15168,PARABIAGO,27518,138.38,0.72,1.01
2013,15,MILANO,15074,CESANO BOSCONE,23592,126.87,1.16,1.49
2013,19,CREMONA,19036,CREMONA,71184,133.26,0.00,0.00
2013,108,MONZA E DELLA BRIANZA,108039,SEREGNO,44212,134.01,0.38,0.51
2013,20,MANTOVA,20065,SUZZARA,21049,164.37,2.05,3.45
2013,15,MILANO,15157,NOVATE MILANESE,20165,148.44,0.00,0.00
2013,15,MILANO,15182,RHO,50844,138.52,1.17,1.64
2013,15,MILANO,15205,SEGRATE,34611,139.84,0.58,0.81
2013,12,VARESE,12133,VARESE,80927,135.07,0.60,0.82
2013,12,VARESE,12040,CASSANO MAGNAGO,21647,142.86,1.79,2.60
2013,17,BRESCIA,17029,BRESCIA,193599,130.00,0.76,0.99
2013,15,MILANO,15077,CINISELLO BALSAMO,74669,132.54,0.45,0.60
2013,16,BERGAMO,16091,DALMINE,23169,151.00,0.66,1.00
2013,19,CREMONA,19035,CREMA,34284,134.66,2.07,2.84
2013,108,MONZA E DELLA BRIANZA,108030,MEDA,23493,129.49,0.00,0.00
2013,17,BRESCIA,17096,LUMEZZANE,23213,125.64,2.00,2.56
2014,15,MI,15182,RHO,50496,136.15,0.68,0.94
2014,15,MI,15108,GORGONZOLA,20076,139.53,7.69,11.63
2014,15,MI,15168,PARABIAGO,27665,136.54,0.00,0.00
2014,12,VA,12040,CASSANO MAGNAGO,21677,146.48,1.89,2.82
2014,15,MI,15077,CINISELLO BALSAMO,75191,139.86,1.21,1.72
2014,18,PV,18110,PAVIA,72205,133.95,0.78,1.05
2014,15,MI,15118,LEGNANO,60451,140.27,0.32,0.45
2014,15,MI,15209,SESTO SAN GIOVANNI,81490,135.71,0.58,0.79
2014,98,LO,98031,LODI,44769,150.00,0.00,0.00
2014,108,MB,108039,SEREGNO,44500,134.64,0.41,0.56
2015,15,MI,15192,SAN DONATO MILANESE,32492,133.90,0.00,0.00
2014,108,MB,108050,VIMERCATE,25839,128.57,1.46,1.90
2014,12,VA,12119,SARONNO,39437,124.24,0.97,1.21
2014,15,MI,15086,CORMANO,20173,138.20,0.81,1.12
2014,15,MI,15146,MILANO,1337155,130.49,0.36,0.47
2014,15,MI,15220,TREZZANO SUL NAVIGLIO,20696,145.07,0.00,0.00
2014,15,MI,15175,PIOLTELLO,36912,125.00,1.23,1.56
2014,15,MI,15189,ROZZANO,42593,148.70,0.00,0.00
2014,15,MI,15074,CESANO BOSCONE,23535,129.49,0.98,1.28
2014,20,MN,20017,CASTIGLIONE DELLE STIVIERE,23157,174.47,2.38,4.26
2014,15,MI,15081,COLOGNO MONZESE,47942,132.07,0.41,0.54
2014,16,BG,16024,BERGAMO,119002,135.98,0.32,0.44
2014,16,BG,16198,SERIATE,25276,136.21,1.25,1.72
2014,108,MB,108019,CESANO MADERNO,38203,141.51,0.66,0.94
2014,97,LC,97042,LECCO,48141,129.46,0.32,0.41
2014,108,MB,108030,MEDA,23554,140.59,1.39,1.98
2014,13,CO,13075,COMO,84687,130.07,0.67,0.87
2014,15,MI,15093,CORSICO,35233,131.86,0.67,0.88
2014,17,BS,17067,DESENZANO DEL GARDA,28312,147.26,0.92,1.37
2014,20,MN,20030,MANTOVA,48747,135.55,0.73,1.00
2014,20,MN,20065,SUZZARA,21134,127.40,0.00,0.00
2014,15,MI,15105,GARBAGNATE MILANESE,27226,129.35,0.00,0.00
2014,15,MI,15192,SAN DONATO MILANESE,32221,136.94,1.30,1.80
2014,15,MI,15032,BRESSO,26255,118.46,0.00,0.00
2014,108,MB,108034,MUGGIO',23421,130.00,0.00,0.00
2014,12,VA,12070,GALLARATE,52850,132.57,0.49,0.66
2014,13,CO,13143,MARIANO COMENSE,24245,117.33,1.12,1.33
2014,17,BS,17113,MONTICHIARI,24953,129.49,2.88,3.85
2014,19,CR,19036,CREMONA,71657,139.57,0.76,1.07
2014,108,MB,108027,LIMBIATE,35258,129.47,0.00,0.00
2014,108,MB,108035,NOVA MILANESE,23337,151.16,1.52,2.33
2014,15,MI,15036,BUCCINASCO,27123,117.86,0.00,0.00
2014,15,MI,15130,MAGENTA,23482,119.74,0.00,0.00
2014,16,BG,16091,DALMINE,23304,139.81,0.00,0.00
2014,16,BG,16219,TREVIGLIO,29494,134.51,1.55,2.11
2014,108,MB,108024,GIUSSANO,25491,128.76,1.99,2.61
2014,108,MB,108033,MONZA,122367,145.06,0.41,0.60
2014,14,SO,14061,SONDRIO,21891,126.87,3.41,4.48
2014,15,MI,15206,SENAGO,21661,121.74,0.00,0.00
2014,20,MN,20066,VIADANA,20023,157.89,1.10,1.75
2014,108,MB,108012,BRUGHERIO,34315,155.86,1.14,1.80
2014,12,VA,12026,BUSTO ARSIZIO,82518,133.25,0.59,0.79
2014,15,MI,15027,BOLLATE,36264,144.14,0.00,0.00
2014,15,MI,15087,CORNAREDO,20355,120.00,0.00,0.00
2014,17,BS,17133,PALAZZOLO SULL'OGLIO,20088,117.74,1.35,1.61
2014,15,MI,15116,LAINATE,25704,140.00,0.00,0.00
2014,15,MI,15002,ABBIATEGRASSO,32409,124.07,1.47,1.85
2014,108,MB,108028,LISSONE,44870,152.20,0.00,0.00
2014,12,VA,12133,VARESE,80857,131.23,0.37,0.48
2014,15,MI,15070,CERNUSCO SUL NAVIGLIO,33009,140.24,0.00,0.00
2014,15,MI,15195,SAN GIULIANO MILANESE,37987,147.62,0.00,0.00
2014,15,MI,15166,PADERNO DUGNANO,46951,129.89,0.88,1.15
2016,108,MB,108040,SEVESO,23474,139.22,0.00,0.00
2014,15,MI,15171,PESCHIERA BORROMEO,23077,133.33,0.00,0.00
2014,18,PV,18182,VOGHERA,39400,141.24,0.00,0.00
2014,18,PV,18177,VIGEVANO,63442,140.09,0.61,0.86
2014,19,CR,19035,CREMA,34212,133.90,0.00,0.00
2014,15,MI,15157,NOVATE MILANESE,20195,124.71,0.93,1.18
2014,108,MB,108023,DESIO,41684,143.33,0.00,0.00
2014,108,MB,108040,SEVESO,23360,129.79,0.00,0.00
2014,13,CO,13041,CANTU',39995,132.48,0.64,0.85
2014,15,MI,15205,SEGRATE,34908,132.86,0.53,0.71
2014,17,BS,17029,BRESCIA,196058,134.15,0.49,0.67
2014,17,BS,17096,LUMEZZANE,22980,155.88,0.00,0.00
2015,15,MI,15209,SESTO SAN GIOVANNI,81608,120.54,0.32,0.39
2016,16,BG,16219,TREVIGLIO,29743,136.99,0.99,1.37
2016,108,MB,108033,MONZA,122955,135.58,0.43,0.59
2015,15,MI,15168,PARABIAGO,27692,132.41,0.00,0.00
2015,19,CR,19036,CREMONA,71901,133.91,0.92,1.24
2016,108,MB,108027,LIMBIATE,35316,149.43,0.00,0.00
2015,108,MB,108012,BRUGHERIO,34255,158.51,0.67,1.06
2015,15,MI,15166,PADERNO DUGNANO,46633,139.02,0.00,0.00
2016,12,VA,12070,GALLARATE,53145,130.27,1.29,1.70
2016,16,BG,16024,BERGAMO,120287,131.34,0.41,0.54
2016,97,LC,97042,LECCO,48131,126.03,0.33,0.41
2015,15,MI,15116,LAINATE,25708,137.21,0.00,0.00
2015,17,BS,17113,MONTICHIARI,25198,145.24,2.40,3.57
2015,15,MI,15108,GORGONZOLA,20233,130.30,0.00,0.00
2015,12,VA,12070,GALLARATE,53343,132.42,1.02,1.37
2015,12,VA,12040,CASSANO MAGNAGO,21622,141.67,1.92,2.78
2016,15,MI,15027,BOLLATE,36469,147.27,0.61,0.91
2015,97,LC,97042,LECCO,47999,124.42,0.74,0.92
2016,15,MI,15087,CORNAREDO,20499,115.62,0.00,0.00
2016,108,MB,108039,SEREGNO,44962,133.96,0.47,0.63
2016,18,PV,18177,VIGEVANO,63505,136.41,0.71,0.97
2015,14,SO,14061,SONDRIO,21778,127.59,1.33,1.72
2015,20,MN,20030,MANTOVA,48671,130.51,0.84,1.10
2015,18,PV,18110,PAVIA,72576,136.22,0.19,0.26
2015,15,MI,15206,SENAGO,21795,150.82,2.13,3.28
2015,20,MN,20017,CASTIGLIONE DELLE STIVIERE,23212,141.30,1.52,2.17
2015,15,MI,15093,CORSICO,35032,146.04,0.00,0.00
2016,17,BS,17067,DESENZANO DEL GARDA,28856,157.42,0.81,1.29
2015,108,MB,108019,CESANO MADERNO,38391,154.35,0.70,1.09
2015,12,VA,12119,SARONNO,39401,136.36,0.00,0.00
2016,12,VA,12133,VARESE,80694,132.29,0.54,0.72
2016,13,CO,13041,CANTU',39889,131.61,0.49,0.65
2016,15,MI,15189,ROZZANO,42417,131.17,0.49,0.65
2016,15,MI,15206,SENAGO,21527,131.82,0.00,0.00
2016,17,BS,17096,LUMEZZANE,22510,122.58,2.56,3.23
2015,108,MB,108039,SEREGNO,44651,130.92,0.00,0.00
2015,13,CO,13143,MARIANO COMENSE,24484,124.29,1.14,1.43
2016,108,MB,108024,GIUSSANO,25863,135.34,0.63,0.86
2015,15,MI,15074,CESANO BOSCONE,23792,124.14,1.37,1.72
2015,108,MB,108050,VIMERCATE,25938,135.64,0.72,0.99
2016,15,MI,15105,GARBAGNATE MILANESE,27226,133.33,0.00,0.00
2016,13,CO,13075,COMO,84326,139.90,0.18,0.25
2015,15,MI,15195,SAN GIULIANO MILANESE,38226,152.49,1.08,1.66
2016,18,PV,18182,VOGHERA,39427,143.62,0.47,0.67
2016,108,MB,108034,MUGGIO',23490,138.30,0.00,0.00
2016,15,MI,15175,PIOLTELLO,37045,145.71,0.00,0.00
2016,16,BG,16198,SERIATE,25240,133.33,1.49,2.02
2015,15,MI,15130,MAGENTA,23654,130.16,2.38,3.17
2015,19,CR,19035,CREMA,34371,126.26,1.31,1.68
2016,15,MI,15002,ABBIATEGRASSO,32565,123.86,1.80,2.27
2016,15,MI,15118,LEGNANO,60259,132.46,0.00,0.00
2015,108,MB,108033,MONZA,122671,144.05,0.53,0.76
2015,16,BG,16198,SERIATE,25182,151.58,0.00,0.00
2015,108,MB,108030,MEDA,23351,157.89,0.00,0.00
2015,15,MI,15189,ROZZANO,42475,134.69,0.50,0.68
2016,20,MN,20030,MANTOVA,49308,128.33,0.32,0.42
2015,16,BG,16024,BERGAMO,119381,134.71,0.47,0.64
2016,15,MI,15130,MAGENTA,23845,134.57,0.91,1.23
2016,19,CR,19036,CREMONA,71924,137.22,0.16,0.22
2015,108,MB,108040,SEVESO,23431,140.54,1.89,2.70
2015,15,MI,15157,NOVATE MILANESE,20065,125.71,2.22,2.86
2016,108,MB,108012,BRUGHERIO,34516,137.63,0.78,1.08
2015,18,PV,18177,VIGEVANO,63310,138.69,1.43,2.01
2015,108,MB,108035,NOVA MILANESE,23292,129.17,3.12,4.17
2016,14,SO,14061,SONDRIO,21632,143.94,0.00,0.00
2015,15,MI,15087,CORNAREDO,20459,116.00,3.33,4.00
2016,108,MB,108035,NOVA MILANESE,23275,143.86,0.00,0.00
2016,15,MI,15074,CESANO BOSCONE,23755,133.33,1.23,1.67
2015,12,VA,12026,BUSTO ARSIZIO,83106,130.97,1.07,1.42
2015,17,BS,17067,DESENZANO DEL GARDA,28650,132.24,2.43,3.29
2016,15,MI,15209,SESTO SAN GIOVANNI,81822,115.87,0.00,0.00
2016,15,MI,15205,SEGRATE,35234,124.00,0.00,0.00
2016,16,BG,16183,ROMANO DI LOMBARDIA,20319,220.00,0.00,0.00
2015,108,MB,108024,GIUSSANO,25529,145.54,0.61,0.89
2016,12,VA,12040,CASSANO MAGNAGO,21641,141.56,1.80,2.60
2016,15,MI,15171,PESCHIERA BORROMEO,23515,140.00,1.75,2.50
2016,15,MI,15070,CERNUSCO SUL NAVIGLIO,33867,135.06,0.00,0.00
2016,15,MI,15146,MILANO,1351562,133.24,0.42,0.56
2015,108,MB,108023,DESIO,41865,129.88,0.47,0.61
2015,108,MB,108034,MUGGIO',23403,149.02,0.00,0.00
2016,17,BS,17029,BRESCIA,196670,138.87,1.03,1.44
2015,15,MI,15077,CINISELLO BALSAMO,75078,136.21,0.00,0.00
2016,15,MI,15220,TREZZANO SUL NAVIGLIO,20944,133.96,0.00,0.00
2016,12,VA,12026,BUSTO ARSIZIO,83340,130.96,0.21,0.27
2015,12,VA,12133,VARESE,80799,131.44,0.00,0.00
2015,17,BS,17029,BRESCIA,196480,130.00,0.62,0.81
2015,15,MI,15105,GARBAGNATE MILANESE,27175,121.05,0.00,0.00
2015,15,MI,15182,RHO,50434,139.92,1.19,1.68
2016,20,MN,20017,CASTIGLIONE DELLE STIVIERE,23274,160.00,0.00,0.00
2016,15,MI,15166,PADERNO DUGNANO,46590,138.14,0.37,0.52
2016,15,MI,15168,PARABIAGO,27747,132.84,0.00,0.00
2015,108,MB,108028,LISSONE,44923,148.99,0.00,0.00
2015,15,MI,15081,COLOGNO MONZESE,47971,131.79,0.50,0.66
2015,98,LO,98031,LODI,44945,150.00,0.38,0.57
2015,17,BS,17133,PALAZZOLO SULL'OGLIO,20134,130.77,1.45,1.92
2016,15,MI,15081,COLOGNO MONZESE,47751,119.05,0.50,0.60
2016,108,MB,108028,LISSONE,45233,148.20,0.96,1.44
2015,16,BG,16091,DALMINE,23281,129.87,0.99,1.30
2016,15,MI,15211,SETTIMO MILANESE,20063,128.57,5.26,7.14
2015,15,MI,15086,CORMANO,20118,138.96,0.00,0.00
2016,15,MI,15116,LAINATE,25754,137.80,0.88,1.22
2016,12,VA,12119,SARONNO,39351,124.20,1.02,1.27
2016,15,MI,15093,CORSICO,34891,140.60,1.06,1.50
2016,15,MI,15195,SAN GIULIANO MILANESE,38318,153.73,0.64,1.00
2015,15,MI,15027,BOLLATE,36392,132.08,0.71,0.94
2015,17,BS,17096,LUMEZZANE,22644,130.77,0.00,0.00
2015,15,MI,15118,LEGNANO,60262,137.11,1.13,1.56
2016,18,PV,18110,PAVIA,72612,142.42,0.00,0.00
2016,108,MB,108030,MEDA,23387,130.84,0.71,0.93
2016,15,MI,15108,GORGONZOLA,20412,131.03,0.00,0.00
2016,15,MI,15086,CORMANO,20074,141.38,1.60,2.30
2016,108,MB,108050,VIMERCATE,26062,124.06,0.60,0.75
2016,13,CO,13143,MARIANO COMENSE,24762,141.94,0.00,0.00
2015,16,BG,16219,TREVIGLIO,29706,146.21,1.53,2.27
2015,18,PV,18182,VOGHERA,39421,120.51,0.00,0.00
2016,15,MI,15192,SAN DONATO MILANESE,32416,135.19,0.68,0.93
2016,15,MI,15182,RHO,50767,143.51,0.00,0.00
2016,16,BG,16091,DALMINE,23348,123.96,0.00,0.00
2016,20,MN,20065,SUZZARA,21211,141.18,3.03,4.41
2015,15,MI,15146,MILANO,1345851,131.34,0.46,0.61
2015,16,BG,16183,ROMANO DI LOMBARDIA,20217,121.74,3.45,4.35
2015,15,MI,15175,PIOLTELLO,36912,120.00,0.00,0.00
2015,15,MI,15002,ABBIATEGRASSO,32585,129.52,0.00,0.00
2015,13,CO,13075,COMO,84495,134.56,0.51,0.69
2015,108,MB,108027,LIMBIATE,35279,143.48,0.00,0.00
2016,17,BS,17113,MONTICHIARI,25449,154.44,0.71,1.11
2016,15,MI,15077,CINISELLO BALSAMO,75659,138.78,0.73,1.02
2016,108,MB,108019,CESANO MADERNO,38614,161.90,0.00,0.00
2016,108,MB,108023,DESIO,42031,140.00,0.00,0.00
2015,15,MI,15032,BRESSO,26263,122.41,2.74,3.45
2016,15,MI,15036,BUCCINASCO,27245,135.29,0.00,0.00
2015,15,MI,15205,SEGRATE,35037,125.38,1.21,1.54
2015,13,CO,13041,CANTU',39930,140.43,0.00,0.00
2015,15,MI,15171,PESCHIERA BORROMEO,23397,129.41,0.00,0.00
2016,15,MI,15157,NOVATE MILANESE,20052,150.00,0.00,0.00
2016,98,LO,98031,LODI,45212,141.95,0.80,1.15
2015,15,MI,15070,CERNUSCO SUL NAVIGLIO,33436,135.62,1.00,1.37
2015,15,MI,15036,BUCCINASCO,27224,116.13,0.00,0.00
2015,15,MI,15220,TREZZANO SUL NAVIGLIO,20790,133.33,1.64,2.22
2015,20,MN,20065,SUZZARA,21161,146.38,0.98,1.45
2016,15,MI,15032,BRESSO,26285,134.88,3.33,4.65
2016,19,CR,19035,CREMA,34410,127.69,1.19,1.54
2016,17,BS,17133,PALAZZOLO SULL'OGLIO,20062,139.06,0.00,0.00
2017,12,VARESE,12026,BUSTO ARSIZIO,83405,142.26,0.23,0.32
2017,12,VARESE,12040,CASSANO MAGNAGO,21757,150.94,0.00,0.00
2017,12,VARESE,12070,GALLARATE,53425,128.87,0.81,1.06
2017,12,VARESE,12119,SARONNO,39419,129.87,1.96,2.60
2017,12,VARESE,12133,VARESE,80544,131.55,1.01,1.34
2017,13,COMO,13041,CANTU',39932,139.01,1.01,1.42
2017,13,COMO,13075,COMO,83320,134.81,0.69,0.93
2017,13,COMO,13143,MARIANO COMENSE,24956,153.03,0.00,0.00
2017,14,SONDRIO,14061,SONDRIO,21642,136.36,0.00,0.00
2017,15,MILANO,15002,ABBIATEGRASSO,32737,136.52,0.63,0.87
2017,15,MILANO,15027,BOLLATE,36486,149.07,0.00,0.00
2017,15,MILANO,15032,BRESSO,26259,108.00,3.57,4.00
2017,15,MILANO,15036,BUCCINASCO,27171,116.95,1.43,1.69
2017,15,MILANO,15070,CERNUSCO SUL NAVIGLIO,34341,129.55,0.87,1.14
2017,15,MILANO,15074,CESANO BOSCONE,23667,130.16,2.38,3.17
2017,15,MILANO,15077,CINISELLO BALSAMO,75723,135.71,0.39,0.53
2017,15,MILANO,15081,COLOGNO MONZESE,47720,125.19,0.00,0.00
2017,15,MILANO,15086,CORMANO,20019,135.54,0.61,0.83
2017,15,MILANO,15087,CORNAREDO,20534,131.71,0.00,0.00
2017,15,MILANO,15093,CORSICO,34727,122.77,0.00,0.00
2017,15,MILANO,15105,GARBAGNATE MILANESE,27155,139.13,2.04,2.90
2017,15,MILANO,15108,GORGONZOLA,20529,126.09,0.00,0.00
2017,15,MILANO,15116,LAINATE,25763,151.04,0.00,0.00
2017,15,MILANO,15118,LEGNANO,60177,137.42,0.72,0.99
2017,15,MILANO,15130,MAGENTA,23906,129.58,0.00,0.00
2017,15,MILANO,15146,MILANO,1366180,129.96,0.47,0.62
2017,15,MILANO,15157,NOVATE MILANESE,20003,139.66,0.00,0.00
2017,15,MILANO,15166,PADERNO DUGNANO,46701,140.12,0.41,0.58
2017,15,MILANO,15168,PARABIAGO,27842,130.53,0.00,0.00
2017,15,MILANO,15171,PESCHIERA BORROMEO,23387,136.36,1.32,1.82
2017,15,MILANO,15175,PIOLTELLO,36920,162.50,1.09,1.79
2017,15,MILANO,15182,RHO,50904,149.58,0.28,0.42
2017,15,MILANO,15189,ROZZANO,42442,134.88,1.14,1.55
2017,15,MILANO,15192,SAN DONATO MILANESE,32664,121.05,1.43,1.75
2017,15,MILANO,15195,SAN GIULIANO MILANESE,38314,162.37,0.66,1.08
2017,15,MILANO,15205,SEGRATE,35492,125.00,1.32,1.67
2017,15,MILANO,15206,SENAGO,21500,142.62,0.00,0.00
2017,15,MILANO,15209,SESTO SAN GIOVANNI,81773,111.37,1.26,1.42
2017,15,MILANO,15211,SETTIMO MILANESE,20060,111.76,2.56,2.94
2017,15,MILANO,15220,TREZZANO SUL NAVIGLIO,20956,134.33,0.00,0.00
2017,16,BERGAMO,16024,BERGAMO,120923,128.68,0.34,0.43
2017,16,BERGAMO,16091,DALMINE,23495,144.94,1.53,2.25
2017,16,BERGAMO,16183,ROMANO DI LOMBARDIA,20486,147.62,0.00,0.00
2017,16,BERGAMO,16198,SERIATE,25358,135.23,1.65,2.27
2017,16,BERGAMO,16219,TREVIGLIO,29815,131.09,1.27,1.68
2017,17,BRESCIA,17029,BRESCIA,196745,133.73,0.53,0.72
2017,17,BRESCIA,17067,DESENZANO DEL GARDA,28982,144.87,1.31,1.92
2017,17,BRESCIA,17096,LUMEZZANE,22250,133.33,0.00,0.00
2017,17,BRESCIA,17113,MONTICHIARI,25714,132.08,0.71,0.94
2017,17,BRESCIA,17133,PALAZZOLO SULL'OGLIO,20026,144.00,1.37,2.00
2017,18,PAVIA,18110,PAVIA,72773,144.62,0.47,0.69
2017,18,PAVIA,18177,VIGEVANO,63153,142.38,0.33,0.48
2017,18,PAVIA,18182,VOGHERA,39354,141.67,0.00,0.00
2017,19,CREMONA,19035,CREMA,34264,134.29,0.00,0.00
2017,19,CREMONA,19036,CREMONA,72077,133.75,0.19,0.25
2017,20,MANTOVA,20017,CASTIGLIONE DELLE STIVIERE,23570,142.19,1.09,1.56
2017,20,MANTOVA,20030,MANTOVA,49409,137.89,0.28,0.39
2017,20,MANTOVA,20065,SUZZARA,21154,127.47,1.69,2.20
2017,20,MANTOVA,20066,VIADANA,20044,152.46,1.06,1.64
2017,97,LECCO,97042,LECCO,48177,134.43,0.00,0.00
2017,98,LODI,98031,LODI,45252,123.98,0.47,0.58
2017,108,MONZA E BRIANZA,108012,BRUGHERIO,34868,126.32,0.83,1.05
2017,108,MONZA E BRIANZA,108019,CESANO MADERNO,38637,145.45,0.62,0.91
2017,108,MONZA E BRIANZA,108023,DESIO,42079,156.06,0.00,0.00
2017,108,MONZA E BRIANZA,108024,GIUSSANO,25945,126.96,0.68,0.87
2017,108,MONZA E BRIANZA,108027,LIMBIATE,35141,155.70,0.00,0.00
2017,108,MONZA E BRIANZA,108028,LISSONE,45535,135.47,1.69,2.33
2017,108,MONZA E BRIANZA,108030,MEDA,23463,134.58,0.00,0.00
2017,108,MONZA E BRIANZA,108033,MONZA,123598,136.44,0.49,0.67
2017,108,MONZA E BRIANZA,108034,MUGGIO',23581,130.77,0.00,0.00
2017,108,MONZA E BRIANZA,108035,NOVA MILANESE,23334,129.63,1.41,1.85
2017,108,MONZA E BRIANZA,108039,SEREGNO,45131,136.87,0.41,0.56
2017,108,MONZA E BRIANZA,108040,SEVESO,23456,118.18,0.00,0.00
2017,108,MONZA E BRIANZA,108050,VIMERCATE,26170,134.29,1.40,1.90
2018,12,VARESE,12026,BUSTO ARSIZIO,83628,134.32,1.09,1.48
2018,12,VARESE,12040,CASSANO MAGNAGO,21731,135.19,1.35,1.85
2018,12,VARESE,12070,GALLARATE,53339,129.05,0.00,0.00
2018,12,VARESE,12119,SARONNO,39415,133.11,0.00,0.00
2018,12,VARESE,12133,VARESE,80559,130.42,1.14,1.51
2018,13,COMO,13041,CANTU',40007,128.47,0.56,0.73
2018,13,COMO,13075,COMO,82522,132.08,0.35,0.47
2018,13,COMO,13143,MARIANO COMENSE,25191,136.67,0.00,0.00
2018,14,SONDRIO,14061,SONDRIO,21590,142.37,2.33,3.39
2018,15,MILANO,15002,ABBIATEGRASSO,32610,136.44,0.62,0.85
2018,15,MILANO,15027,BOLLATE,36564,126.79,3.40,4.46
2018,15,MILANO,15032,BRESSO,26300,134.88,0.00,0.00
2018,15,MILANO,15036,BUCCINASCO,27102,111.11,1.23,1.39
2018,15,MILANO,15070,CERNUSCO SUL NAVIGLIO,34604,122.99,1.83,2.30
2018,15,MILANO,15074,CESANO BOSCONE,23970,118.92,0.00,0.00
2018,15,MILANO,15077,CINISELLO BALSAMO,75581,131.93,1.35,1.81
2018,15,MILANO,15081,COLOGNO MONZESE,47682,135.98,0.00,0.00
2018,15,MILANO,15086,CORMANO,20178,135.00,0.00,0.00
2018,15,MILANO,15087,CORNAREDO,20544,146.15,0.00,0.00
2018,15,MILANO,15093,CORSICO,34715,136.88,0.52,0.71
2018,15,MILANO,15105,GARBAGNATE MILANESE,27385,150.82,0.00,0.00
2018,15,MILANO,15108,GORGONZOLA,20741,128.57,1.82,2.38
2018,15,MILANO,15116,LAINATE,25954,140.00,0.00,0.00
2018,15,MILANO,15118,LEGNANO,60481,137.63,0.25,0.34
2018,15,MILANO,15130,MAGENTA,24002,149.37,0.00,0.00
2018,15,MILANO,15146,MILANO,1378689,130.38,0.44,0.57
2018,15,MILANO,15157,NOVATE MILANESE,20032,136.17,0.00,0.00
2018,15,MILANO,15166,PADERNO DUGNANO,46306,127.27,0.47,0.61
2018,15,MILANO,15168,PARABIAGO,27825,153.25,0.84,1.30
2018,15,MILANO,15171,PESCHIERA BORROMEO,23504,131.67,1.25,1.67
2018,15,MILANO,15175,PIOLTELLO,37002,137.70,3.45,4.92
2018,15,MILANO,15182,RHO,50602,155.04,2.20,3.49
2018,15,MILANO,15189,ROZZANO,42430,126.88,0.49,0.63
2018,15,MILANO,15192,SAN DONATO MILANESE,32761,127.03,0.70,0.90
2018,15,MILANO,15195,SAN GIULIANO MILANESE,38537,155.32,0.34,0.53
2018,15,MILANO,15205,SEGRATE,35935,120.17,1.38,1.68
2018,15,MILANO,15206,SENAGO,21381,136.21,1.25,1.72
2018,15,MILANO,15209,SESTO SAN GIOVANNI,81393,116.67,0.65,0.76
2018,15,MILANO,15211,SETTIMO MILANESE,20094,124.00,0.00,0.00
2018,15,MILANO,15220,TREZZANO SUL NAVIGLIO,21171,133.82,0.00,0.00
2018,16,BERGAMO,16024,BERGAMO,121639,129.67,0.25,0.33
2018,16,BERGAMO,16091,DALMINE,23610,133.33,2.22,3.03
2018,16,BERGAMO,16183,ROMANO DI LOMBARDIA,20625,127.78,0.00,0.00
2018,16,BERGAMO,16198,SERIATE,25385,126.14,0.89,1.14
2018,16,BERGAMO,16219,TREVIGLIO,30092,137.80,1.13,1.57
2018,17,BRESCIA,17029,BRESCIA,198536,132.88,0.74,0.99
2018,17,BRESCIA,17067,DESENZANO DEL GARDA,29158,135.56,1.61,2.22
2018,17,BRESCIA,17096,LUMEZZANE,22130,140.91,0.00,0.00
2018,17,BRESCIA,17113,MONTICHIARI,25902,146.67,2.94,4.44
2018,17,BRESCIA,17133,PALAZZOLO SULL'OGLIO,20104,156.67,1.05,1.67
2018,18,PAVIA,18110,PAVIA,73086,136.70,0.50,0.69
2018,18,PAVIA,18177,VIGEVANO,63426,144.85,0.71,1.03
2018,18,PAVIA,18182,VOGHERA,39365,134.38,1.38,1.88
2018,19,CREMONA,19035,CREMA,34487,133.88,1.21,1.64
2018,19,CREMONA,19036,CREMONA,72680,130.53,0.43,0.56
2018,20,MANTOVA,20017,CASTIGLIONE DELLE STIVIERE,23704,129.03,3.61,4.84
2018,20,MANTOVA,20030,MANTOVA,49403,141.95,0.89,1.27
2018,20,MANTOVA,20065,SUZZARA,21313,138.04,1.55,2.17
2018,20,MANTOVA,20066,VIADANA,20154,130.91,6.49,9.09
2018,97,LECCO,97042,LECCO,48333,126.99,1.71,2.21
2018,98,LODI,98031,LODI,45872,149.43,1.14,1.72
2018,108,MONZA E BRIANZA,108012,BRUGHERIO,35064,135.63,2.48,3.45
2018,108,MONZA E BRIANZA,108019,CESANO MADERNO,39150,128.40,0.95,1.23
2018,108,MONZA E BRIANZA,108023,DESIO,41942,135.80,0.00,0.00
2018,108,MONZA E BRIANZA,108024,GIUSSANO,26066,123.77,0.66,0.82
2018,108,MONZA E BRIANZA,108027,LIMBIATE,35053,138.27,0.00,0.00
2018,108,MONZA E BRIANZA,108028,LISSONE,46017,138.42,0.00,0.00
2018,108,MONZA E BRIANZA,108030,MEDA,23502,143.24,0.93,1.35
2018,108,MONZA E BRIANZA,108033,MONZA,123397,129.14,0.14,0.18
2018,108,MONZA E BRIANZA,108034,MUGGIO',23536,112.82,2.22,2.56
2018,108,MONZA E BRIANZA,108035,NOVA MILANESE,23514,130.77,1.45,1.92
2018,108,MONZA E BRIANZA,108039,SEREGNO,44985,142.77,0.00,0.00
2018,108,MONZA E BRIANZA,108040,SEVESO,23731,150.00,0.00,0.00
2018,108,MONZA E BRIANZA,108050,VIMERCATE,26114,139.10,1.07,1.50
2019,12,VARESE,12026,BUSTO ARSIZIO,83909,132.27,0.22,0.29
2019,12,VARESE,12040,CASSANO MAGNAGO,21801,160.32,1.94,3.17
2019,12,VARESE,12070,GALLARATE,53934,136.77,0.47,0.65
2019,12,VARESE,12119,SARONNO,39332,126.06,0.00,0.00
2019,12,VARESE,12133,VARESE,80645,129.24,1.78,2.34
2019,13,COMO,13041,CANTU',40031,129.58,1.08,1.41
2019,13,COMO,13075,COMO,85915,133.19,0.00,0.00
2019,13,COMO,13143,MARIANO COMENSE,25353,130.00,2.50,3.33
2019,14,SONDRIO,14061,SONDRIO,21457,130.51,1.28,1.69
2019,15,MILANO,15002,ABBIATEGRASSO,32855,125.25,0.00,0.00
2019,15,MILANO,15027,BOLLATE,36761,125.49,0.78,0.98
2019,15,MILANO,15032,BRESSO,26410,119.61,0.00,0.00
2019,15,MILANO,15036,BUCCINASCO,27070,145.59,0.00,0.00
2019,15,MILANO,15070,CERNUSCO SUL NAVIGLIO,34980,142.47,1.89,2.74
2019,15,MILANO,15074,CESANO BOSCONE,23966,127.27,0.00,0.00
2019,15,MILANO,15077,CINISELLO BALSAMO,76264,135.24,0.66,0.90
2019,15,MILANO,15081,COLOGNO MONZESE,48030,133.99,0.49,0.65
2019,15,MILANO,15086,CORMANO,20516,144.95,0.00,0.00
2019,15,MILANO,15087,CORNAREDO,20581,132.69,1.43,1.92
2019,15,MILANO,15093,CORSICO,35038,125.19,2.38,3.05
2019,15,MILANO,15105,GARBAGNATE MILANESE,27135,127.14,3.26,4.29
2019,15,MILANO,15108,GORGONZOLA,20835,133.33,2.86,3.92
2019,15,MILANO,15116,LAINATE,26214,129.70,0.00,0.00
2019,15,MILANO,15118,LEGNANO,60336,136.39,0.00,0.00
2019,15,MILANO,15130,MAGENTA,24388,118.68,0.92,1.10
2019,15,MILANO,15146,MILANO,1396059,130.01,0.32,0.41
2019,15,MILANO,15157,NOVATE MILANESE,20107,137.04,0.00,0.00
2019,15,MILANO,15166,PADERNO DUGNANO,47467,132.63,0.40,0.53
2019,15,MILANO,15168,PARABIAGO,28096,136.19,0.00,0.00
2019,15,MILANO,15171,PESCHIERA BORROMEO,23944,130.61,0.00,0.00
2019,15,MILANO,15175,PIOLTELLO,37226,127.12,0.00,0.00
2019,15,MILANO,15182,RHO,51323,140.80,1.12,1.60
2019,15,MILANO,15189,ROZZANO,42557,145.64,0.00,0.00
2019,15,MILANO,15192,SAN DONATO MILANESE,32844,143.88,0.00,0.00
2019,15,MILANO,15195,SAN GIULIANO MILANESE,39085,150.00,1.33,2.03
2019,15,MILANO,15205,SEGRATE,36579,135.24,1.39,1.90
2019,15,MILANO,15206,SENAGO,21625,133.33,0.00,0.00
2019,15,MILANO,15209,SESTO SAN GIOVANNI,81841,116.67,1.13,1.33
2019,15,MILANO,15211,SETTIMO MILANESE,20204,117.14,0.00,0.00
2019,15,MILANO,15220,TREZZANO SUL NAVIGLIO,21303,136.00,0.97,1.33
2019,16,BERGAMO,16024,BERGAMO,121781,125.44,0.49,0.62
2019,16,BERGAMO,16091,DALMINE,23669,133.33,0.00,0.00
2019,16,BERGAMO,16183,ROMANO DI LOMBARDIA,20810,125.93,2.86,3.70
2019,16,BERGAMO,16198,SERIATE,25380,136.14,0.88,1.20
2019,16,BERGAMO,16219,TREVIGLIO,30630,137.04,1.07,1.48
2019,17,BRESCIA,17029,BRESCIA,199579,134.32,0.60,0.81
2019,17,BRESCIA,17067,DESENZANO DEL GARDA,29599,145.59,1.98,2.94
2019,17,BRESCIA,17096,LUMEZZANE,22002,131.58,0.00,0.00
2019,17,BRESCIA,17113,MONTICHIARI,26144,147.19,1.50,2.25
2019,17,BRESCIA,17133,PALAZZOLO SULL'OGLIO,20316,136.51,1.15,1.59
2019,18,PAVIA,18110,PAVIA,73334,140.76,0.83,1.18
2019,18,PAVIA,18177,VIGEVANO,63623,143.29,0.30,0.43
2019,18,PAVIA,18182,VOGHERA,39345,144.68,0.97,1.42
2019,19,CREMONA,19035,CREMA,34606,132.65,0.00,0.00
2019,19,CREMONA,19036,CREMONA,72672,129.32,0.58,0.75
2019,20,MANTOVA,20017,CASTIGLIONE DELLE STIVIERE,23822,162.30,1.98,3.28
2019,20,MANTOVA,20030,MANTOVA,49440,131.48,1.39,1.85
2019,20,MANTOVA,20065,SUZZARA,21294,137.14,1.03,1.43
2019,20,MANTOVA,20066,VIADANA,20056,157.14,0.90,1.43
2019,97,LECCO,97042,LECCO,48173,126.13,1.41,1.80
2019,98,LODI,98031,LODI,46050,134.06,0.54,0.72
2019,108,MONZA E BRIANZA,108012,BRUGHERIO,35255,114.94,0.99,1.15
2019,108,MONZA E BRIANZA,108019,CESANO MADERNO,39518,138.83,1.38,1.94
2019,108,MONZA E BRIANZA,108023,DESIO,41997,122.64,0.00,0.00
2019,108,MONZA E BRIANZA,108024,GIUSSANO,26181,144.95,0.63,0.92
2019,108,MONZA E BRIANZA,108027,LIMBIATE,35186,130.43,0.00,0.00
2019,108,MONZA E BRIANZA,108028,LISSONE,46445,138.46,0.00,0.00
2019,108,MONZA E BRIANZA,108030,MEDA,23578,115.66,1.03,1.20
2019,108,MONZA E BRIANZA,108033,MONZA,124051,128.80,0.68,0.89
2019,108,MONZA E BRIANZA,108034,MUGGIO',23747,133.96,1.39,1.89
2019,108,MONZA E BRIANZA,108035,NOVA MILANESE,23348,140.00,0.00,0.00
2019,108,MONZA E BRIANZA,108039,SEREGNO,45447,130.07,0.53,0.70
2019,108,MONZA E BRIANZA,108040,SEVESO,23982,130.00,3.70,5.00
2019,108,MONZA E BRIANZA,108050,VIMERCATE,26241,135.51,0.00,0.00
2020,12,VARESE,12026,BUSTO ARSIZIO,83045,131.35,0.60,0.79
2020,12,VARESE,12040,CASSANO MAGNAGO,21385,125.00,4.76,6.25
2020,12,VARESE,12070,GALLARATE,52787,131.67,1.25,1.67
2020,12,VARESE,12119,SARONNO,38755,123.91,0.00,0.00
2020,12,VARESE,12133,VARESE,79350,133.02,0.00,0.00
2020,13,COMO,13041,CANTU',39469,126.53,0.00,0.00
2020,13,COMO,13075,COMO,84250,130.40,1.51,2.00
2020,13,COMO,13143,MARIANO COMENSE,25214,117.95,0.00,0.00
2020,14,SONDRIO,14061,SONDRIO,21202,128.21,0.00,0.00
2020,15,MILANO,15002,ABBIATEGRASSO,32476,133.75,0.00,0.00
2020,15,MILANO,15027,BOLLATE,36239,129.79,0.00,0.00
2020,15,MILANO,15032,BRESSO,26172,102.56,0.00,0.00
2020,15,MILANO,15036,BUCCINASCO,27015,113.33,1.45,1.67
2020,15,MILANO,15070,CERNUSCO SUL NAVIGLIO,35012,131.91,0.00,0.00
2020,15,MILANO,15074,CESANO BOSCONE,23686,123.53,0.00,0.00
2020,15,MILANO,15077,CINISELLO BALSAMO,74636,123.98,1.22,1.53
2020,15,MILANO,15081,COLOGNO MONZESE,47208,123.15,1.48,1.85
2020,15,MILANO,15086,CORMANO,20317,136.21,0.00,0.00
2020,15,MILANO,15087,CORNAREDO,20590,136.36,0.00,0.00
2020,15,MILANO,15093,CORSICO,34601,121.68,0.00,0.00
2020,15,MILANO,15105,GARBAGNATE MILANESE,26771,121.74,0.00,0.00
2020,15,MILANO,15108,GORGONZOLA,20899,118.42,6.25,7.89
2020,15,MILANO,15116,LAINATE,26137,144.12,0.00,0.00
2020,15,MILANO,15118,LEGNANO,59855,126.94,1.21,1.55
2020,15,MILANO,15130,MAGENTA,24107,132.61,1.61,2.17
2020,15,MILANO,15146,MILANO,1374582,124.28,0.46,0.58
2020,15,MILANO,15157,NOVATE MILANESE,20056,148.65,1.79,2.70
2020,15,MILANO,15166,PADERNO DUGNANO,47380,126.36,0.71,0.91
2020,15,MILANO,15168,PARABIAGO,27919,133.85,2.25,3.08
2020,15,MILANO,15171,PESCHIERA BORROMEO,23847,120.83,0.00,0.00
2020,15,MILANO,15175,PIOLTELLO,36147,134.38,0.00,0.00
2020,15,MILANO,15182,RHO,50742,125.42,1.33,1.69
2020,15,MILANO,15189,ROZZANO,41844,122.76,1.95,2.44
2020,15,MILANO,15192,SAN DONATO MILANESE,32545,129.63,0.00,0.00
2020,15,MILANO,15195,SAN GIULIANO MILANESE,39308,129.91,1.94,2.56
2020,15,MILANO,15205,SEGRATE,36482,128.07,0.00,0.00
2020,15,MILANO,15206,SENAGO,21307,140.00,0.00,0.00
2020,15,MILANO,15209,SESTO SAN GIOVANNI,80203,114.08,0.00,0.00
2020,15,MILANO,15211,SETTIMO MILANESE,20133,116.00,0.00,0.00
2020,15,MILANO,15220,TREZZANO SUL NAVIGLIO,21453,128.07,0.00,0.00
2020,16,BERGAMO,16024,BERGAMO,119993,124.35,0.52,0.65
2020,16,BERGAMO,16091,DALMINE,23336,127.66,0.00,0.00
2020,16,BERGAMO,16183,ROMANO DI LOMBARDIA,20482,107.69,0.00,0.00
2020,16,BERGAMO,16198,SERIATE,25111,130.00,0.00,0.00
2020,16,BERGAMO,16219,TREVIGLIO,30557,144.93,0.99,1.45
2020,17,BRESCIA,17029,BRESCIA,197304,128.18,0.85,1.10
2020,17,BRESCIA,17067,DESENZANO DEL GARDA,29208,121.13,5.49,7.04
2020,17,BRESCIA,17096,LUMEZZANE,21669,150.00,4.55,7.14
2020,17,BRESCIA,17113,MONTICHIARI,26011,129.85,2.25,2.99
2020,18,PAVIA,18110,PAVIA,71122,129.34,0.32,0.41
2020,18,PAVIA,18177,VIGEVANO,62340,118.90,1.31,1.57
2020,18,PAVIA,18182,VOGHERA,38435,136.19,1.38,1.90
2020,19,CREMONA,19035,CREMA,34210,133.33,0.00,0.00
2020,19,CREMONA,19036,CREMONA,71223,123.32,0.95,1.19
2020,20,MANTOVA,20017,CASTIGLIONE DELLE STIVIERE,23483,133.33,0.00,0.00
2020,20,MANTOVA,20030,MANTOVA,48755,143.86,1.20,1.75
2020,20,MANTOVA,20065,SUZZARA,20906,116.98,1.59,1.89
2020,97,LECCO,97042,LECCO,47454,121.23,1.12,1.37
2020,98,LODI,98031,LODI,44815,144.83,0.00,0.00
2020,108,MONZA E BRIANZA,108012,BRUGHERIO,34811,119.35,2.63,3.23
2020,108,MONZA E BRIANZA,108019,CESANO MADERNO,38983,123.88,1.19,1.49
2020,108,MONZA E BRIANZA,108023,DESIO,41646,122.12,0.00,0.00
2020,108,MONZA E BRIANZA,108024,GIUSSANO,25923,116.13,1.37,1.61
2020,108,MONZA E BRIANZA,108027,LIMBIATE,34707,142.86,2.44,3.57
2020,108,MONZA E BRIANZA,108028,LISSONE,46147,129.33,1.02,1.33
2020,108,MONZA E BRIANZA,108030,MEDA,23324,116.39,1.39,1.64
2020,108,MONZA E BRIANZA,108033,MONZA,122522,123.84,0.22,0.27
2020,108,MONZA E BRIANZA,108034,MUGGIO',23603,133.33,0.00,0.00
2020,108,MONZA E BRIANZA,108035,NOVA MILANESE,23083,121.21,2.44,3.03
2020,108,MONZA E BRIANZA,108039,SEREGNO,44843,126.37,0.00,0.00
2020,108,MONZA E BRIANZA,108040,SEVESO,23728,155.17,0.00,0.00
2020,108,MONZA E BRIANZA,108050,VIMERCATE,25941,124.14,0.00,0.00
2021,12,VARESE,12026,BUSTO ARSIZIO,82754,122.78,0.24,0.30
2021,12,VARESE,12040,CASSANO MAGNAGO,21362,130.61,0.00,0.00
2021,12,VARESE,12070,GALLARATE,52452,122.95,0.28,0.34
2021,12,VARESE,12119,SARONNO,38582,125.64,0.68,0.85
2021,12,VARESE,12133,VARESE,78740,133.23,1.56,2.11
2021,13,COMO,13041,CANTU',39382,123.15,1.48,1.85
2021,13,COMO,13075,COMO,83361,119.25,1.29,1.55
2021,13,COMO,13143,MARIANO COMENSE,25182,124.07,0.00,0.00
2021,14,SONDRIO,14061,SONDRIO,21192,136.73,0.00,0.00
2021,15,MILANO,15002,ABBIATEGRASSO,32383,124.10,0.00,0.00
2021,15,MILANO,15027,BOLLATE,36166,134.78,1.06,1.45
2021,15,MILANO,15032,BRESSO,26081,117.65,0.00,0.00
2021,15,MILANO,15036,BUCCINASCO,26912,118.03,2.70,3.28
2021,15,MILANO,15070,CERNUSCO SUL NAVIGLIO,34969,122.35,1.89,2.35
2021,15,MILANO,15074,CESANO BOSCONE,23520,114.58,1.79,2.08
2021,15,MILANO,15077,CINISELLO BALSAMO,74391,129.63,0.57,0.74
2021,15,MILANO,15081,COLOGNO MONZESE,46633,118.40,0.67,0.80
2021,15,MILANO,15086,CORMANO,20327,136.49,0.00,0.00
2021,15,MILANO,15087,CORNAREDO,20576,115.38,0.00,0.00
2021,15,MILANO,15093,CORSICO,34438,123.08,0.78,0.96
2021,15,MILANO,15105,GARBAGNATE MILANESE,26792,131.43,0.00,0.00
2021,15,MILANO,15108,GORGONZOLA,20949,118.18,0.00,0.00
2021,15,MILANO,15116,LAINATE,26126,135.29,0.00,0.00
2021,15,MILANO,15118,LEGNANO,59955,125.00,1.32,1.67
2021,15,MILANO,15130,MAGENTA,24130,122.97,0.00,0.00
2021,15,MILANO,15146,MILANO,1349930,124.39,0.36,0.46
2021,15,MILANO,15166,PADERNO DUGNANO,47090,129.17,1.59,2.08
2021,15,MILANO,15168,PARABIAGO,27859,107.79,1.19,1.30
2021,15,MILANO,15171,PESCHIERA BORROMEO,24084,123.81,0.00,0.00
2021,15,MILANO,15175,PIOLTELLO,36202,128.57,0.00,0.00
2021,15,MILANO,15182,RHO,50618,125.00,0.99,1.25
2021,15,MILANO,15189,ROZZANO,41435,131.85,0.48,0.64
2021,15,MILANO,15192,SAN DONATO MILANESE,32008,142.11,0.92,1.32
2021,15,MILANO,15195,SAN GIULIANO MILANESE,39253,148.08,2.53,3.85
2021,15,MILANO,15205,SEGRATE,36591,129.07,1.77,2.33
2021,15,MILANO,15206,SENAGO,21360,116.67,0.00,0.00
2021,15,MILANO,15209,SESTO SAN GIOVANNI,79442,119.76,0.33,0.40
2021,15,MILANO,15211,SETTIMO MILANESE,20062,113.95,2.00,2.33
2021,15,MILANO,15220,TREZZANO SUL NAVIGLIO,21460,146.05,0.89,1.32
2021,16,BERGAMO,16024,BERGAMO,119476,125.97,0.28,0.35
2021,16,BERGAMO,16091,DALMINE,23241,128.00,0.00,0.00
2021,16,BERGAMO,16183,ROMANO DI LOMBARDIA,20613,142.86,3.23,4.76
2021,16,BERGAMO,16198,SERIATE,25169,120.24,0.98,1.19
2021,16,BERGAMO,16219,TREVIGLIO,30567,118.58,0.74,0.88
2021,17,BRESCIA,17029,BRESCIA,195906,131.81,0.83,1.11
2021,17,BRESCIA,17067,DESENZANO DEL GARDA,29093,138.66,1.79,2.52
2021,17,BRESCIA,17096,LUMEZZANE,21410,116.67,0.00,0.00
2021,17,BRESCIA,17113,MONTICHIARI,26088,136.76,2.11,2.94
2021,18,PAVIA,18110,PAVIA,70380,132.24,0.23,0.30
2021,18,PAVIA,18177,VIGEVANO,62201,120.39,2.14,2.63
2021,18,PAVIA,18182,VOGHERA,38316,133.08,1.14,1.54
2021,19,CREMONA,19035,CREMA,33970,127.27,0.65,0.83
2021,19,CREMONA,19036,CREMONA,70841,130.56,0.68,0.89
2021,20,MANTOVA,20017,CASTIGLIONE DELLE STIVIERE,23313,143.75,0.00,0.00
2021,20,MANTOVA,20030,MANTOVA,48441,122.11,0.43,0.53
2021,20,MANTOVA,20065,SUZZARA,20842,128.33,3.75,5.00
2021,97,LECCO,97042,LECCO,46831,125.27,0.43,0.54
2021,98,LODI,98031,LODI,44716,127.54,0.56,0.72
2021,108,MONZA E BRIANZA,108012,BRUGHERIO,34870,128.42,2.40,3.16
2021,108,MONZA E BRIANZA,108019,CESANO MADERNO,39042,123.26,1.85,2.33
2021,108,MONZA E BRIANZA,108023,DESIO,41668,151.16,0.00,0.00
2021,108,MONZA E BRIANZA,108024,GIUSSANO,26015,124.10,0.00,0.00
2021,108,MONZA E BRIANZA,108027,LIMBIATE,34809,150.00,0.00,0.00
2021,108,MONZA E BRIANZA,108028,LISSONE,46191,120.81,0.55,0.67
2021,108,MONZA E BRIANZA,108030,MEDA,23350,121.15,0.00,0.00
2021,108,MONZA E BRIANZA,108033,MONZA,121984,122.08,0.15,0.19
2021,108,MONZA E BRIANZA,108034,MUGGIO',23513,126.67,0.00,0.00
2021,108,MONZA E BRIANZA,108035,NOVA MILANESE,23070,109.30,2.08,2.33
2021,108,MONZA E BRIANZA,108039,SEREGNO,44825,122.22,4.35,5.56
2021,108,MONZA E BRIANZA,108040,SEVESO,23804,126.67,0.00,0.00
2021,108,MONZA E BRIANZA,108050,VIMERCATE,25783,135.29,0.00,0.00
2022,12,VARESE,12026,BUSTO ARSIZIO,82951,132.32,0.38,0.51
2022,12,VARESE,12040,CASSANO MAGNAGO,21408,129.51,1.25,1.64
2022,12,VARESE,12070,GALLARATE,52811,125.16,0.78,0.98
2022,12,VARESE,12119,SARONNO,38442,122.31,0.67,0.83
2022,12,VARESE,12133,VARESE,78409,123.45,0.79,0.98
2022,13,COMO,13041,CANTU',39715,138.68,1.34,1.89
2022,13,COMO,13075,COMO,83184,124.59,1.30,1.64
2022,13,COMO,13143,MARIANO COMENSE,25258,118.06,3.41,4.17
2022,14,SONDRIO,14061,SONDRIO,21066,119.30,0.00,0.00
2022,15,MILANO,15002,ABBIATEGRASSO,32425,123.08,0.00,0.00
2022,15,MILANO,15027,BOLLATE,36204,128.05,0.94,1.22
2022,15,MILANO,15032,BRESSO,26001,112.07,0.00,0.00
2022,15,MILANO,15036,BUCCINASCO,26822,130.43,0.00,0.00
2022,15,MILANO,15070,CERNUSCO SUL NAVIGLIO,34848,138.71,0.77,1.08
2022,15,MILANO,15074,CESANO BOSCONE,23335,113.64,3.85,4.55
2022,15,MILANO,15077,CINISELLO BALSAMO,74528,130.67,0.00,0.00
2022,15,MILANO,15081,COLOGNO MONZESE,46707,109.40,1.21,1.34
2022,15,MILANO,15086,CORMANO,20356,133.80,0.00,0.00
2022,15,MILANO,15087,CORNAREDO,20678,150.00,0.00,0.00
2022,15,MILANO,15093,CORSICO,34373,123.17,0.00,0.00
2022,15,MILANO,15105,GARBAGNATE MILANESE,26793,141.41,0.00,0.00
2022,15,MILANO,15108,GORGONZOLA,21092,134.00,1.47,2.00
2022,15,MILANO,15116,LAINATE,26228,158.21,1.85,2.99
2022,15,MILANO,15118,LEGNANO,59941,122.86,0.00,0.00
2022,15,MILANO,15130,MAGENTA,24178,114.14,0.00,0.00
2022,15,MILANO,15146,MILANO,1354196,126.75,0.44,0.57
2022,15,MILANO,15166,PADERNO DUGNANO,47118,125.00,1.02,1.28
2022,15,MILANO,15168,PARABIAGO,27976,123.81,0.00,0.00
2022,15,MILANO,15171,PESCHIERA BORROMEO,24304,116.67,0.00,0.00
2022,15,MILANO,15175,PIOLTELLO,36061,131.51,1.03,1.37
2022,15,MILANO,15182,RHO,50299,134.40,0.34,0.46
2022,15,MILANO,15189,ROZZANO,41240,123.47,0.41,0.51
2022,15,MILANO,15192,SAN DONATO MILANESE,32014,155.88,1.24,1.96
2022,15,MILANO,15195,SAN GIULIANO MILANESE,39444,128.24,0.00,0.00
2022,15,MILANO,15205,SEGRATE,36911,111.21,0.00,0.00
2022,15,MILANO,15206,SENAGO,21372,100.00,7.14,7.69
2022,15,MILANO,15209,SESTO SAN GIOVANNI,78884,105.88,0.29,0.31
2022,15,MILANO,15220,TREZZANO SUL NAVIGLIO,21474,117.98,3.67,4.49
2022,16,BERGAMO,16024,BERGAMO,119534,125.03,0.43,0.54
2022,16,BERGAMO,16091,DALMINE,23316,121.15,0.00,0.00
2022,16,BERGAMO,16183,ROMANO DI LOMBARDIA,20575,145.95,0.00,0.00
2022,16,BERGAMO,16198,SERIATE,25264,121.59,0.00,0.00
2022,16,BERGAMO,16219,TREVIGLIO,30683,140.71,0.00,0.00
2022,17,BRESCIA,17029,BRESCIA,196446,120.21,0.59,0.71
2022,17,BRESCIA,17067,DESENZANO DEL GARDA,29106,145.59,1.98,2.94
2022,17,BRESCIA,17096,LUMEZZANE,21424,123.08,5.88,7.69
2022,17,BRESCIA,17113,MONTICHIARI,26116,144.29,1.94,2.86
2022,17,BRESCIA,17133,PALAZZOLO SULL'OGLIO,20106,112.00,0.00,0.00
2022,18,PAVIA,18110,PAVIA,70636,129.86,0.42,0.55
2022,18,PAVIA,18177,VIGEVANO,62076,133.03,1.34,1.81
2022,18,PAVIA,18182,VOGHERA,38637,125.00,0.68,0.86
2022,19,CREMONA,19035,CREMA,33786,125.76,0.00,0.00
2022,19,CREMONA,19036,CREMONA,70637,131.64,0.21,0.28
2022,20,MANTOVA,20017,CASTIGLIONE DELLE STIVIERE,23556,132.88,0.00,0.00
2022,20,MANTOVA,20030,MANTOVA,48653,126.89,0.33,0.42
2022,20,MANTOVA,20065,SUZZARA,20979,126.32,1.37,1.75
2022,97,LECCO,97042,LECCO,46871,133.67,0.37,0.50
2022,98,LODI,98031,LODI,44709,141.33,1.40,2.00
2022,108,MONZA E BRIANZA,108012,BRUGHERIO,34999,128.57,1.68,2.20
2022,108,MONZA E BRIANZA,108019,CESANO MADERNO,39310,124.42,0.93,1.16
2022,108,MONZA E BRIANZA,108023,DESIO,41463,130.40,0.00,0.00
2022,108,MONZA E BRIANZA,108024,GIUSSANO,25956,134.09,0.00,0.00
2022,108,MONZA E BRIANZA,108027,LIMBIATE,34790,131.75,0.00,0.00
2022,108,MONZA E BRIANZA,108028,LISSONE,46394,128.13,0.00,0.00
2022,108,MONZA E BRIANZA,108030,MEDA,23388,118.18,0.00,0.00
2022,108,MONZA E BRIANZA,108033,MONZA,121799,120.70,0.57,0.70
2022,108,MONZA E BRIANZA,108034,MUGGIO',23464,141.67,0.00,0.00
2022,108,MONZA E BRIANZA,108035,NOVA MILANESE,23027,122.81,1.41,1.75
2022,108,MONZA E BRIANZA,108039,SEREGNO,44917,121.21,0.00,0.00
2022,108,MONZA E BRIANZA,108040,SEVESO,23882,150.00,0.00,0.00
2022,108,MONZA E BRIANZA,108050,VIMERCATE,25876,140.43,0.75,1.06
